Visibility,VehicleStability,RoadSurface,PathInteraction,Wetness,GoalEgo,WindIntensity,TimeOfDay,FogDistance,PrecipitationDeposits,StartOther,Cloudiness,FogDensity,StartEgo,GoalOther,RoadFriction,Precipitation,Min_TTC,Collision_Occurred
0,0,0,c1,0,left,0,-60,0,0,left,0,100,base,base,1,0,1.5771415811219713,False
0,0,0,c2,0,right,0,-60,0,0,base,0,100,left,right,1,0,3.420823258588442,False
0,0,0,c4,0,base,0,-60,0,0,base,0,100,right,left,1,0,0.0,True
0,0,20,c1,0,base,0,-60,0,0,base,0,100,right,right,1,0,1.3723748459461822,False
0,0,20,c2,0,left,0,-60,0,0,left,0,100,base,right,1,0,2.9390671283483414,False
0,0,20,c4,0,right,0,-60,0,0,right,0,100,left,left,1,0,4.006983271321095,False
0,0,40,c1,0,right,0,-60,0,0,right,0,100,base,base,1,0,1.4716417032246512,False
0,0,40,c2,0,base,0,-60,0,0,left,0,100,right,base,1,0,2.425769498236062,False
0,0,40,c4,0,right,0,-60,0,0,base,0,100,left,right,1,0,4.895215977373354,False
0,0,60,c1,0,left,0,-60,0,0,left,0,100,right,base,1,0,2.070535757236854,False
0,0,60,c2,0,base,0,-60,0,0,right,0,100,left,left,1,0,2.7115891118684594,False
0,0,60,c4,0,base,0,-60,0,0,left,0,100,right,base,1,0,2.33970116583713,False
0,0,80,c1,0,base,0,-60,0,0,left,0,100,right,right,1,0,0.9665947423588153,False
0,0,80,c2,0,right,0,-60,0,0,left,0,100,base,base,1,0,3.76122233783954,False
0,0,80,c4,0,base,0,-60,0,0,right,0,100,left,base,1,0,3.251150964275961,False
0,0,100,c1,0,right,0,-60,0,0,right,0,100,base,base,1,0,1.557925397182861,False
0,0,100,c2,0,base,0,-60,0,0,left,0,100,right,base,1,0,2.2322488253391914,False
0,0,100,c4,0,left,0,-60,0,0,right,0,100,base,left,1,0,4.398688427727662,False
0,20,0,c1,0,right,0,-60,0,0,right,0,100,base,left,1,0,1.4416744332054308,False
0,20,0,c2,0,base,0,-60,0,0,right,0,100,left,base,1,0,4.756285395129024,False
0,20,0,c4,0,right,0,-60,0,0,right,0,100,base,left,1,0,2.509708557847568,False
0,20,20,c1,0,base,0,-60,0,0,right,0,100,left,left,1,0,2.9358790052626405,False
0,20,20,c2,0,left,0,-60,0,0,left,0,100,right,right,1,0,0.9276519002357463,False
0,20,20,c4,0,base,0,-60,0,0,base,0,100,right,right,1,0,1.2982162388931882,False
0,20,40,c1,0,base,0,-60,0,0,left,0,100,right,right,1,0,1.1100330758661197,False
0,20,40,c2,0,left,0,-60,0,0,left,0,100,right,base,1,0,3.0756434257126486,False
0,20,40,c4,0,right,0,-60,0,0,left,0,100,base,right,1,0,6.912115582706646,False
0,20,60,c1,0,right,0,-60,0,0,base,0,100,left,right,1,0,3.1129454418270552,False
0,20,60,c2,0,right,0,-60,0,0,left,0,100,base,right,1,0,3.4387072003166503,False
0,20,60,c4,0,right,0,-60,0,0,left,0,100,base,right,1,0,4.328597327603219,False
0,20,80,c1,0,left,0,-60,0,0,left,0,100,base,right,1,0,3.715595780574436,False
0,20,80,c2,0,base,0,-60,0,0,right,0,100,left,left,1,0,3.406399832336569,False
0,20,80,c4,0,left,0,-60,0,0,left,0,100,base,base,1,0,3.699505340650281,False
0,20,100,c1,0,base,0,-60,0,0,base,0,100,left,right,1,0,4.326373913192893,False
0,20,100,c2,0,right,0,-60,0,0,right,0,100,base,left,1,0,1.8436503878468804,False
0,20,100,c4,0,left,0,-60,0,0,left,0,100,right,base,1,0,3.2571610262577773,False
0,40,0,c1,0,right,0,-60,0,0,right,0,100,left,base,1,0,2.267640981894008,False
0,40,0,c2,0,left,0,-60,0,0,left,0,100,base,right,1,0,2.8655240563432454,False
0,40,0,c4,0,left,0,-60,0,0,left,0,100,base,base,1,0,3.5489377946163336,False
0,40,20,c1,0,left,0,-60,0,0,right,0,100,base,left,1,0,2.896140016179511,False
0,40,20,c2,0,left,0,-60,0,0,left,0,100,right,right,1,0,0.9591836488436524,False
0,40,20,c4,0,left,0,-60,0,0,base,0,100,right,right,1,0,1.1906719837333857,False
0,40,40,c1,0,right,0,-60,0,0,right,0,100,left,base,1,0,1.8743446386420612,False
0,40,40,c2,0,left,0,-60,0,0,right,0,100,base,base,1,0,0.0,True
0,40,40,c4,0,left,0,-60,0,0,left,0,100,base,right,1,0,0.6922882471356367,False
0,40,60,c1,0,right,0,-60,0,0,right,0,100,base,left,1,0,2.4344355357515366,False
0,40,60,c2,0,right,0,-60,0,0,left,0,100,base,base,1,0,4.798837216708729,False
0,40,60,c4,0,left,0,-60,0,0,base,0,100,right,right,1,0,1.2270897357306778,False
0,40,80,c1,0,base,0,-60,0,0,base,0,100,left,right,1,0,4.388617803771804,False
0,40,80,c2,0,right,0,-60,0,0,right,0,100,base,left,1,0,1.8781774387245198,False
0,40,80,c4,0,right,0,-60,0,0,left,0,100,base,base,1,0,3.46928379055431,False
0,40,100,c1,0,base,0,-60,0,0,right,0,100,left,left,1,0,3.384309469327357,False
0,40,100,c2,0,right,0,-60,0,0,right,0,100,base,base,1,0,1.472622412407292,False
0,40,100,c4,0,right,0,-60,0,0,base,0,100,left,left,1,0,6.013340618367751,False
0,60,0,c1,0,right,0,-60,0,0,base,0,100,left,right,1,0,3.5953037714064213,False
0,60,0,c2,0,base,0,-60,0,0,base,0,100,right,left,1,0,2.618044586572265,False
0,60,0,c4,0,left,0,-60,0,0,left,0,100,right,base,1,0,3.7331859307844693,False
0,60,20,c1,0,left,0,-60,0,0,left,0,100,base,base,1,0,3.58844453680923,False
0,60,20,c2,0,base,0,-60,0,0,base,0,100,left,right,1,0,4.433115779481209,False
0,60,20,c4,0,right,0,-60,0,0,left,0,100,base,right,1,0,7.740996846910041,False
0,60,40,c1,0,right,0,-60,0,0,right,0,100,left,base,1,0,2.4139411809872673,False
0,60,40,c2,0,left,0,-60,0,0,left,0,100,right,right,1,0,0.996087182573268,False
0,60,40,c4,0,left,0,-60,0,0,right,0,100,base,base,1,0,1.4798095801655051,False
0,60,60,c1,0,right,0,-60,0,0,right,0,100,left,base,1,0,1.476018077560344,False
0,60,60,c2,0,base,0,-60,0,0,right,0,100,left,base,1,0,5.000466926420641,False
0,60,60,c4,0,left,0,-60,0,0,left,0,100,base,base,1,0,3.8672149482870974,False
0,60,80,c1,0,left,0,-60,0,0,left,0,100,base,base,1,0,3.242530955924692,False
0,60,80,c2,0,right,0,-60,0,0,base,0,100,left,left,1,0,5.2714973469313025,False
0,60,80,c4,0,right,0,-60,0,0,base,0,100,left,right,1,0,5.522325127903963,False
0,60,100,c1,0,base,0,-60,0,0,right,0,100,left,left,1,0,3.343629983171097,False
0,60,100,c2,0,base,0,-60,0,0,base,0,100,right,right,1,0,1.1855778613558632,False
0,60,100,c4,0,left,0,-60,0,0,left,0,100,base,base,1,0,3.9395262645658105,False
0,80,0,c1,0,base,0,-60,0,0,left,0,100,right,base,1,0,2.1616720676080634,False
0,80,0,c2,0,left,0,-60,0,0,base,0,100,right,right,1,0,1.180313192094606,False
0,80,0,c4,0,right,0,-60,0,0,right,0,100,base,left,1,0,2.754777710236769,False
0,80,20,c1,0,right,0,-60,0,0,right,0,100,left,base,1,0,2.56793639541815,False
0,80,20,c2,0,right,0,-60,0,0,base,0,100,left,left,1,0,4.796997517338196,False
0,80,20,c4,0,left,0,-60,0,0,base,0,100,right,right,1,0,1.2151624255494673,False
0,80,40,c1,0,right,0,-60,0,0,right,0,100,base,left,1,0,2.1517193439103854,False
0,80,40,c2,0,left,0,-60,0,0,left,0,100,right,base,1,0,2.8025267054130096,False
0,80,40,c4,0,left,0,-60,0,0,right,0,100,base,base,1,0,1.8829156402769733,False
0,80,60,c1,0,base,0,-60,0,0,right,0,100,left,base,1,0,4.9878025852831716,False
0,80,60,c2,0,right,0,-60,0,0,right,0,100,left,base,1,0,2.2366959720392914,False
0,80,60,c4,0,left,0,-60,0,0,left,0,100,right,right,1,0,0.9629610851111886,False
0,80,80,c1,0,left,0,-60,0,0,left,0,100,base,base,1,0,3.5786598445637106,False
0,80,80,c2,0,base,0,-60,0,0,right,0,100,left,left,1,0,3.7370934170418355,False
0,80,80,c4,0,left,0,-60,0,0,left,0,100,base,right,1,0,0.0,True
0,80,100,c1,0,base,0,-60,0,0,left,0,100,right,right,1,0,1.0697760371261882,False
0,80,100,c2,0,left,0,-60,0,0,right,0,100,base,base,1,0,0.0,True
0,80,100,c4,0,left,0,-60,0,0,left,0,100,base,right,1,0,0.0,True
0,100,0,c1,0,right,0,-60,0,0,right,0,100,left,left,1,0,0.8234256154291435,False
0,100,0,c2,0,left,0,-60,0,0,right,0,100,base,base,1,0,0.0,True
0,100,0,c4,0,left,0,-60,0,0,base,0,100,right,right,1,0,1.2732629249432725,False
0,100,20,c1,0,right,0,-60,0,0,left,0,100,base,base,1,0,2.843333771466047,False
0,100,20,c2,0,right,0,-60,0,0,base,0,100,left,left,1,0,3.34576733471111,False
0,100,20,c4,0,right,0,-60,0,0,right,0,100,base,left,1,0,3.0029907002141463,False
0,100,40,c1,0,base,0,-60,0,0,base,0,100,right,left,1,0,0.5355322958648641,False
0,100,40,c2,0,left,0,-60,0,0,left,0,100,right,right,1,0,0.9571960721993683,False
0,100,40,c4,0,right,0,-60,0,0,base,0,100,left,left,1,0,5.078310441528146,False
0,100,60,c1,0,right,0,-60,0,0,right,0,100,base,left,1,0,2.3475789021705924,False
0,100,60,c2,0,right,0,-60,0,0,right,0,100,base,left,1,0,1.9122531539573988,False
0,100,60,c4,0,right,0,-60,0,0,left,0,100,base,base,1,0,3.337358716360361,False
0,100,80,c1,0,base,0,-60,0,0,base,0,100,right,left,1,0,1.0639457334983937,False
0,100,80,c2,0,left,0,-60,0,0,base,0,100,right,right,1,0,1.2132531653365632,False
0,100,80,c4,0,right,0,-60,0,0,left,0,100,base,base,1,0,3.4292929148528164,False
0,100,100,c1,0,right,0,-60,0,0,base,0,100,left,right,1,0,3.15636756640416,False
0,100,100,c2,0,left,0,-60,0,0,left,0,100,base,right,1,0,3.380592375022384,False
0,100,100,c4,0,left,0,-60,0,0,right,0,100,base,base,1,0,1.5117809622063743,False
20,0,0,c1,0,left,0,-60,0,0,base,0,100,right,right,1,0,1.512716873875882,False
20,0,0,c2,0,right,0,-60,0,0,base,0,100,left,left,1,0,2.916192514318277,False
20,0,0,c4,0,base,0,-60,0,0,base,0,100,right,left,1,0,1.7592961652331105,False
20,0,20,c1,0,base,0,-60,0,0,right,0,100,left,left,1,0,3.119684866090355,False
20,0,20,c2,0,left,0,-60,0,0,left,0,100,right,right,1,0,0.9354393533418931,False
20,0,20,c4,0,base,0,-60,0,0,right,0,100,left,base,1,0,1.9253804756155861,False
20,0,40,c1,0,right,0,-60,0,0,right,0,100,left,left,1,0,0.7957581160777065,False
20,0,40,c2,0,right,0,-60,0,0,base,0,100,left,right,1,0,3.6375248065742305,False
20,0,40,c4,0,base,0,-60,0,0,base,0,100,left,right,1,0,6.323107510566403,False
20,0,60,c1,0,base,0,-60,0,0,right,0,100,left,left,1,0,3.2876970003877806,False
20,0,60,c2,0,right,0,-60,0,0,right,0,100,base,left,1,0,1.945966404898262,False
20,0,60,c4,0,base,0,-60,0,0,left,0,100,right,base,1,0,2.1772785075526437,False
20,0,80,c1,0,right,0,-60,0,0,right,0,100,left,left,1,0,0.8908926840216085,False
20,0,80,c2,0,right,0,-60,0,0,right,0,100,left,left,1,0,0.8044496649253869,False
20,0,80,c4,0,base,0,-60,0,0,base,0,100,right,left,1,0,0.0,True
20,0,100,c1,0,right,0,-60,0,0,base,0,100,left,left,1,0,3.699318420989951,False
20,0,100,c2,0,left,0,-60,0,0,base,0,100,right,right,1,0,1.2105567274729996,False
20,0,100,c4,0,base,0,-60,0,0,left,0,100,right,base,1,0,2.325890723614757,False
20,20,0,c1,0,base,0,-60,0,0,base,0,100,right,left,1,0,0.8585981068909473,False
20,20,0,c2,0,base,0,-60,0,0,right,0,100,left,base,1,0,5.195227570779723,False
20,20,0,c4,0,base,0,-60,0,0,left,0,100,right,base,1,0,2.170175369071871,False
20,20,20,c1,0,base,0,-60,0,0,left,0,100,right,right,1,0,1.097671590016029,False
20,20,20,c2,0,right,0,-60,0,0,left,0,100,base,right,1,0,1.4801621657023785,False
20,20,20,c4,0,base,0,-60,0,0,left,0,100,right,base,1,0,1.6560610928057145,False
20,20,40,c1,0,right,0,-60,0,0,base,0,100,left,right,1,0,3.433234530264114,False
20,20,40,c2,0,left,0,-60,0,0,left,0,100,base,base,1,0,2.922004503500804,False
20,20,40,c4,0,right,0,-60,0,0,left,0,100,base,base,1,0,3.252956754225833,False
20,20,60,c1,0,left,0,-60,0,0,base,0,100,right,right,1,0,1.3868402830471958,False
20,20,60,c2,0,base,0,-60,0,0,base,0,100,right,left,1,0,0.0,True
20,20,60,c4,0,left,0,-60,0,0,left,0,100,base,right,1,0,0.6044548391720079,False
20,20,80,c1,0,right,0,-60,0,0,left,0,100,base,right,1,0,2.114030783062997,False
20,20,80,c2,0,base,0,-60,0,0,base,0,100,left,right,1,0,4.588452121886465,False
20,20,80,c4,0,right,0,-60,0,0,left,0,100,base,base,1,0,3.2779049016600648,False
20,20,100,c1,0,right,0,-60,0,0,right,0,100,left,base,1,0,3.220201507790355,False
20,20,100,c2,0,left,0,-60,0,0,left,0,100,base,right,1,0,2.7360054608063207,False
20,20,100,c4,0,base,0,-60,0,0,base,0,100,left,right,1,0,5.669359897269741,False
20,40,0,c1,0,left,0,-60,0,0,right,0,100,base,left,1,0,3.420909150009728,False
20,40,0,c2,0,left,0,-60,0,0,base,0,100,right,right,1,0,1.1843656865080323,False
20,40,0,c4,0,left,0,-60,0,0,left,0,100,base,base,1,0,4.112196728135952,False
20,40,20,c1,0,right,0,-60,0,0,base,0,100,left,right,1,0,3.1212483775511877,False
20,40,20,c2,0,left,0,-60,0,0,right,0,100,base,base,1,0,1.6115711052262105,False
20,40,20,c4,0,right,0,-60,0,0,base,0,100,left,left,1,0,7.875227414616097,False
20,40,40,c1,0,left,0,-60,0,0,base,0,100,right,right,1,0,1.1898223589472412,False
20,40,40,c2,0,base,0,-60,0,0,left,0,100,right,right,1,0,1.0597473639384352,False
20,40,40,c4,0,left,0,-60,0,0,base,0,100,right,right,1,0,1.1520476816844527,False
20,40,60,c1,0,base,0,-60,0,0,base,0,100,left,right,1,0,4.339902680045617,False
20,40,60,c2,0,base,0,-60,0,0,left,0,100,right,base,1,0,1.4136256064900126,False
20,40,60,c4,0,right,0,-60,0,0,right,0,100,base,base,1,0,1.9318810131524822,False
20,40,80,c1,0,right,0,-60,0,0,right,0,100,base,left,1,0,1.9617577280174672,False
20,40,80,c2,0,base,0,-60,0,0,right,0,100,left,left,1,0,3.0916621896691368,False
20,40,80,c4,0,right,0,-60,0,0,left,0,100,base,base,1,0,3.4902314505657626,False
20,40,100,c1,0,right,0,-60,0,0,right,0,100,base,base,1,0,1.670833060828444,False
20,40,100,c2,0,left,0,-60,0,0,left,0,100,right,base,1,0,6.922287147790381,False
20,40,100,c4,0,left,0,-60,0,0,right,0,100,base,base,1,0,1.5406441590055504,False
20,60,0,c1,0,left,0,-60,0,0,right,0,100,base,base,1,0,1.2525455817518591,False
20,60,0,c2,0,left,0,-60,0,0,base,0,100,right,left,1,0,0.0,True
20,60,0,c4,0,right,0,-60,0,0,base,0,100,left,left,1,0,7.011012799229594,False
20,60,20,c1,0,left,0,-60,0,0,left,0,100,right,right,1,0,0.9319433472209603,False
20,60,20,c2,0,base,0,-60,0,0,base,0,100,left,right,1,0,5.174728410179224,False
20,60,20,c4,0,base,0,-60,0,0,right,0,100,left,base,1,0,3.1004624666830636,False
20,60,40,c1,0,base,0,-60,0,0,base,0,100,left,right,1,0,4.238974429879127,False
20,60,40,c2,0,right,0,-60,0,0,right,0,100,base,base,1,0,1.5389921458013995,False
20,60,40,c4,0,base,0,-60,0,0,right,0,100,left,left,1,0,1.011201700210478,False
20,60,60,c1,0,left,0,-60,0,0,base,0,100,right,right,1,0,1.741237223177873,False
20,60,60,c2,0,right,0,-60,0,0,right,0,100,base,base,1,0,1.6539770339888855,False
20,60,60,c4,0,base,0,-60,0,0,right,0,100,left,base,1,0,2.329156101542415,False
20,60,80,c1,0,base,0,-60,0,0,base,0,100,left,left,1,0,2.8110783045013186,False
20,60,80,c2,0,right,0,-60,0,0,left,0,100,base,base,1,0,4.1242108394637125,False
20,60,80,c4,0,base,0,-60,0,0,left,0,100,right,base,1,0,1.7237974777512293,False
20,60,100,c1,0,right,0,-60,0,0,right,0,100,left,left,1,0,0.8304790082300479,False
20,60,100,c2,0,left,0,-60,0,0,left,0,100,base,right,1,0,3.152948886589341,False
20,60,100,c4,0,base,0,-60,0,0,left,0,100,right,right,1,0,0.8176444680106412,False
20,80,0,c1,0,base,0,-60,0,0,right,0,100,left,base,1,0,5.853728222366728,False
20,80,0,c2,0,left,0,-60,0,0,right,0,100,base,left,1,0,2.9478831435604134,False
20,80,0,c4,0,right,0,-60,0,0,base,0,100,left,left,1,0,7.008405195169215,False
20,80,20,c1,0,right,0,-60,0,0,left,0,100,base,right,1,0,2.5621198320772773,False
20,80,20,c2,0,base,0,-60,0,0,right,0,100,left,left,1,0,3.116957084654992,False
20,80,20,c4,0,left,0,-60,0,0,left,0,100,base,right,1,0,0.7194271438990348,False
20,80,40,c1,0,base,0,-60,0,0,base,0,100,left,left,1,0,3.0720213799639167,False
20,80,40,c2,0,right,0,-60,0,0,left,0,100,base,right,1,0,4.152817900935549,False
20,80,40,c4,0,left,0,-60,0,0,left,0,100,right,base,1,0,3.2859870925269403,False
20,80,60,c1,0,left,0,-60,0,0,left,0,100,base,base,1,0,2.9622771769342826,False
20,80,60,c2,0,base,0,-60,0,0,left,0,100,right,right,1,0,1.0191296039683597,False
20,80,60,c4,0,left,0,-60,0,0,left,0,100,base,right,1,0,0.0,True
20,80,80,c1,0,left,0,-60,0,0,left,0,100,right,base,1,0,3.020625912898605,False
20,80,80,c2,0,right,0,-60,0,0,right,0,100,left,base,1,0,2.7194342865580476,False
20,80,80,c4,0,left,0,-60,0,0,base,0,100,right,right,1,0,1.1066513175270971,False
20,80,100,c1,0,base,0,-60,0,0,right,0,100,left,base,1,0,6.391560169142661,False
20,80,100,c2,0,left,0,-60,0,0,right,0,100,base,base,1,0,0.0,True
20,80,100,c4,0,right,0,-60,0,0,base,0,100,left,right,1,0,3.3570496161855776,False
20,100,0,c1,0,base,0,-60,0,0,base,0,100,left,right,1,0,4.324024966390281,False
20,100,0,c2,0,left,0,-60,0,0,right,0,100,base,left,1,0,3.1221826401836843,False
20,100,0,c4,0,base,0,-60,0,0,right,0,100,left,base,1,0,1.8137121144701382,False
20,100,20,c1,0,right,0,-60,0,0,base,0,100,left,right,1,0,3.37435821660707,False
20,100,20,c2,0,left,0,-60,0,0,left,0,100,base,base,1,0,3.482610977437948,False
20,100,20,c4,0,right,0,-60,0,0,right,0,100,left,base,1,0,3.7752382595993907,False
20,100,40,c1,0,left,0,-60,0,0,left,0,100,base,right,1,0,2.441811044077119,False
20,100,40,c2,0,right,0,-60,0,0,base,0,100,left,left,1,0,4.1808116496940135,False
20,100,40,c4,0,left,0,-60,0,0,left,0,100,base,right,1,0,0.0,True
20,100,60,c1,0,left,0,-60,0,0,left,0,100,right,base,1,0,2.651827053560752,False
20,100,60,c2,0,left,0,-60,0,0,base,0,100,right,left,1,0,0.457278033386274,False
20,100,60,c4,0,base,0,-60,0,0,left,0,100,right,base,1,0,2.267642285870156,False
20,100,80,c1,0,base,0,-60,0,0,base,0,100,right,left,1,0,2.5487175610946764,False
20,100,80,c2,0,left,0,-60,0,0,left,0,100,base,base,1,0,3.1094197977356433,False
20,100,80,c4,0,base,0,-60,0,0,base,0,100,left,left,1,0,3.576673719223708,False
20,100,100,c1,0,right,0,-60,0,0,right,0,100,base,base,1,0,1.5426661864622948,False
20,100,100,c2,0,right,0,-60,0,0,base,0,100,left,left,1,0,3.404323203798822,False
20,100,100,c4,0,left,0,-60,0,0,right,0,100,base,left,1,0,3.442380194500609,False
40,0,0,c1,0,base,0,-60,0,0,base,0,100,right,right,1,0,1.2546518408906098,False
40,0,0,c2,0,left,0,-60,0,0,base,0,100,right,left,1,0,0.0,True
40,0,0,c4,0,right,0,-60,0,0,left,0,100,base,base,1,0,3.538751280657433,False
40,0,20,c1,0,left,0,-60,0,0,base,0,100,right,left,1,0,1.8060946219474694,False
40,0,20,c2,0,right,0,-60,0,0,right,0,100,base,base,1,0,1.5540039094111036,False
40,0,20,c4,0,right,0,-60,0,0,left,0,100,base,right,1,0,2.591636828585626,False
40,0,40,c1,0,base,0,-60,0,0,base,0,100,right,left,1,0,1.10740540240186,False
40,0,40,c2,0,right,0,-60,0,0,left,0,100,base,right,1,0,2.831540832521938,False
40,0,40,c4,0,left,0,-60,0,0,right,0,100,base,left,1,0,4.369322651532717,False
40,0,60,c1,0,right,0,-60,0,0,right,0,100,left,base,1,0,3.0005730179532835,False
40,0,60,c2,0,base,0,-60,0,0,base,0,100,right,right,1,0,1.258596459537211,False
40,0,60,c4,0,right,0,-60,0,0,left,0,100,base,base,1,0,4.041860442681702,False
40,0,80,c1,0,left,0,-60,0,0,right,0,100,base,left,1,0,2.568869365359366,False
40,0,80,c2,0,right,0,-60,0,0,right,0,100,left,base,1,0,0.0,True
40,0,80,c4,0,right,0,-60,0,0,right,0,100,left,left,1,0,0.7841597525686309,False
40,0,100,c1,0,left,0,-60,0,0,base,0,100,right,left,1,0,1.1788451793797585,False
40,0,100,c2,0,base,0,-60,0,0,right,0,100,left,base,1,0,5.226503359323257,False
40,0,100,c4,0,right,0,-60,0,0,right,0,100,base,left,1,0,2.8672934978335882,False
40,20,0,c1,0,base,0,-60,0,0,right,0,100,left,base,1,0,6.577352595661785,False
40,20,0,c2,0,left,0,-60,0,0,left,0,100,base,right,1,0,2.434870388483116,False
40,20,0,c4,0,left,0,-60,0,0,left,0,100,right,base,1,0,4.000766626489417,False
40,20,20,c1,0,right,0,-60,0,0,left,0,100,base,right,1,0,0.0,True
40,20,20,c2,0,base,0,-60,0,0,base,0,100,left,right,1,0,4.990040996592772,False
40,20,20,c4,0,base,0,-60,0,0,base,0,100,right,right,1,0,1.1652320326151144,False
40,20,40,c1,0,base,0,-60,0,0,right,0,100,left,left,1,0,3.0445178616352906,False
40,20,40,c2,0,base,0,-60,0,0,base,0,100,left,right,1,0,4.527502828475881,False
40,20,40,c4,0,base,0,-60,0,0,right,0,100,left,left,1,0,1.3125592263352368,False
40,20,60,c1,0,right,0,-60,0,0,right,0,100,base,left,1,0,1.8931415792043251,False
40,20,60,c2,0,base,0,-60,0,0,right,0,100,left,left,1,0,2.9521222241862297,False
40,20,60,c4,0,left,0,-60,0,0,base,0,100,right,left,1,0,0.0,True
40,20,80,c1,0,base,0,-60,0,0,left,0,100,right,base,1,0,2.0166948030471605,False
40,20,80,c2,0,left,0,-60,0,0,left,0,100,base,right,1,0,2.727181388570171,False
40,20,80,c4,0,base,0,-60,0,0,left,0,100,right,right,1,0,0.0,True
40,20,100,c1,0,right,0,-60,0,0,base,0,100,left,right,1,0,3.065085385176582,False
40,20,100,c2,0,base,0,-60,0,0,base,0,100,right,right,1,0,1.158931233789313,False
40,20,100,c4,0,left,0,-60,0,0,left,0,100,right,base,1,0,3.5825924235732916,False
40,40,0,c1,0,right,0,-60,0,0,right,0,100,base,base,1,0,1.5609874337173832,False
40,40,0,c2,0,base,0,-60,0,0,base,0,100,right,right,1,0,1.1828978332892652,False
40,40,0,c4,0,right,0,-60,0,0,left,0,100,base,right,1,0,7.54936683470572,False
40,40,20,c1,0,left,0,-60,0,0,right,0,100,base,left,1,0,2.930073964899239,False
40,40,20,c2,0,base,0,-60,0,0,right,0,100,left,base,1,0,4.414053079968163,False
40,40,20,c4,0,left,0,-60,0,0,left,0,100,base,base,1,0,3.7699189624802583,False
40,40,40,c1,0,right,0,-60,0,0,right,0,100,base,base,1,0,1.2915081187742399,False
40,40,40,c2,0,base,0,-60,0,0,right,0,100,left,left,1,0,3.5930936158497224,False
40,40,40,c4,0,left,0,-60,0,0,left,0,100,base,base,1,0,3.5914398429158325,False
40,40,60,c1,0,right,0,-60,0,0,right,0,100,left,left,1,0,0.8266569475769294,False
40,40,60,c2,0,base,0,-60,0,0,left,0,100,right,base,1,0,2.7276719365348376,False
40,40,60,c4,0,right,0,-60,0,0,right,0,100,base,left,1,0,2.2069300933427267,False
40,40,80,c1,0,right,0,-60,0,0,left,0,100,base,right,1,0,0.0,True
40,40,80,c2,0,right,0,-60,0,0,base,0,100,left,left,1,0,4.058010766301093,False
40,40,80,c4,0,right,0,-60,0,0,base,0,100,left,left,1,0,7.93873872140234,False
40,40,100,c1,0,base,0,-60,0,0,base,0,100,left,left,1,0,2.8509072669363547,False
40,40,100,c2,0,base,0,-60,0,0,base,0,100,left,left,1,0,3.16796447591265,False
40,40,100,c4,0,left,0,-60,0,0,left,0,100,base,right,1,0,0.0,True
40,60,0,c1,0,left,0,-60,0,0,right,0,100,base,left,1,0,2.976325744235152,False
40,60,0,c2,0,base,0,-60,0,0,right,0,100,left,left,1,0,3.1097772482224317,False
40,60,0,c4,0,base,0,-60,0,0,base,0,100,left,left,1,0,3.7781516428335924,False
40,60,20,c1,0,base,0,-60,0,0,right,0,100,left,base,1,0,6.675984531355721,False
40,60,20,c2,0,left,0,-60,0,0,right,0,100,base,left,1,0,2.962116417462875,False
40,60,20,c4,0,right,0,-60,0,0,right,0,100,base,base,1,0,1.872833112131496,False
40,60,40,c1,0,left,0,-60,0,0,base,0,100,right,left,1,0,1.3051952445202957,False
40,60,40,c2,0,left,0,-60,0,0,left,0,100,base,right,1,0,1.6581065897505873,False
40,60,40,c4,0,base,0,-60,0,0,left,0,100,right,right,1,0,0.0,True
40,60,60,c1,0,right,0,-60,0,0,right,0,100,left,left,1,0,0.8137326216534948,False
40,60,60,c2,0,base,0,-60,0,0,left,0,100,right,right,1,0,0.9919343098115522,False
40,60,60,c4,0,left,0,-60,0,0,right,0,100,base,left,1,0,2.7418712195872694,False
40,60,80,c1,0,left,0,-60,0,0,base,0,100,right,right,1,0,1.5074905610633,False
40,60,80,c2,0,left,0,-60,0,0,left,0,100,base,base,1,0,3.1244094666920934,False
40,60,80,c4,0,base,0,-60,0,0,base,0,100,right,left,1,0,1.016625362413265,False
40,60,100,c1,0,right,0,-60,0,0,right,0,100,base,base,1,0,1.7267934463502628,False
40,60,100,c2,0,base,0,-60,0,0,right,0,100,left,left,1,0,3.1742503840895924,False
40,60,100,c4,0,base,0,-60,0,0,base,0,100,right,left,1,0,0.0,True
40,80,0,c1,0,right,0,-60,0,0,right,0,100,left,base,1,0,2.7218104045594385,False
40,80,0,c2,0,base,0,-60,0,0,left,0,100,right,right,1,0,1.0366703389836383,False
40,80,0,c4,0,base,0,-60,0,0,base,0,100,left,left,1,0,3.2656578210810303,False
40,80,20,c1,0,base,0,-60,0,0,base,0,100,right,right,1,0,1.1440308040554188,False
40,80,20,c2,0,base,0,-60,0,0,left,0,100,right,base,1,0,3.4641495524361874,False
40,80,20,c4,0,left,0,-60,0,0,right,0,100,base,left,1,0,2.8416995862217482,False
40,80,40,c1,0,base,0,-60,0,0,right,0,100,left,left,1,0,3.0344515182908554,False
40,80,40,c2,0,left,0,-60,0,0,left,0,100,base,right,1,0,2.640771867410026,False
40,80,40,c4,0,base,0,-60,0,0,right,0,100,left,left,1,0,1.1269525044119155,False
40,80,60,c1,0,base,0,-60,0,0,right,0,100,left,left,1,0,3.3303184537063975,False
40,80,60,c2,0,left,0,-60,0,0,base,0,100,right,left,1,0,0.0,True
40,80,60,c4,0,right,0,-60,0,0,right,0,100,left,base,1,0,3.909505553622657,False
40,80,80,c1,0,left,0,-60,0,0,left,0,100,right,right,1,0,0.9917227430306823,False
40,80,80,c2,0,right,0,-60,0,0,right,0,100,base,base,1,0,1.4060955624709672,False
40,80,80,c4,0,right,0,-60,0,0,base,0,100,left,left,1,0,6.568815340044543,False
40,80,100,c1,0,left,0,-60,0,0,base,0,100,right,right,1,0,1.3092685354822986,False
40,80,100,c2,0,left,0,-60,0,0,left,0,100,right,base,1,0,2.6865152955349814,False
40,80,100,c4,0,right,0,-60,0,0,base,0,100,left,right,1,0,3.4828474217591583,False
40,100,0,c1,0,left,0,-60,0,0,right,0,100,base,base,1,0,1.5879129353382124,False
40,100,0,c2,0,right,0,-60,0,0,right,0,100,left,base,1,0,1.756450461207364,False
40,100,0,c4,0,right,0,-60,0,0,right,0,100,base,left,1,0,3.1879027824386013,False
40,100,20,c1,0,base,0,-60,0,0,base,0,100,right,right,1,0,1.1073950040964304,False
40,100,20,c2,0,left,0,-60,0,0,left,0,100,base,right,1,0,3.463634883373879,False
40,100,20,c4,0,right,0,-60,0,0,base,0,100,left,left,1,0,7.915658894710879,False
40,100,40,c1,0,left,0,-60,0,0,left,0,100,base,right,1,0,4.209301901203496,False
40,100,40,c2,0,right,0,-60,0,0,right,0,100,left,left,1,0,0.8200465317841883,False
40,100,40,c4,0,right,0,-60,0,0,right,0,100,left,base,1,0,3.8209172120441472,False
40,100,60,c1,0,left,0,-60,0,0,left,0,100,right,right,1,0,0.941013822000887,False
40,100,60,c2,0,base,0,-60,0,0,left,0,100,right,base,1,0,3.4386495134629422,False
40,100,60,c4,0,right,0,-60,0,0,left,0,100,base,base,1,0,3.509638843899142,False
40,100,80,c1,0,base,0,-60,0,0,base,0,100,right,right,1,0,1.2516621953827507,False
40,100,80,c2,0,right,0,-60,0,0,left,0,100,base,right,1,0,4.221656811379064,False
40,100,80,c4,0,base,0,-60,0,0,left,0,100,right,right,1,0,0.0,True
40,100,100,c1,0,base,0,-60,0,0,base,0,100,right,left,1,0,1.1991410894503765,False
40,100,100,c2,0,right,0,-60,0,0,right,0,100,base,base,1,0,1.503826521972217,False
40,100,100,c4,0,left,0,-60,0,0,left,0,100,right,base,1,0,4.244988828181208,False
60,0,0,c1,0,left,0,-60,0,0,base,0,100,right,left,1,0,1.1981390374517553,False
60,0,0,c2,0,base,0,-60,0,0,base,0,100,right,right,1,0,1.2255480879788323,False
60,0,0,c4,0,base,0,-60,0,0,base,0,100,right,left,1,0,0.0,True
60,0,20,c1,0,base,0,-60,0,0,right,0,100,left,left,1,0,3.358650742502435,False
60,0,20,c2,0,right,0,-60,0,0,base,0,100,left,right,1,0,3.1674658606452586,False
60,0,20,c4,0,left,0,-60,0,0,left,0,100,base,base,1,0,3.7969121202790093,False
60,0,40,c1,0,right,0,-60,0,0,left,0,100,base,right,1,0,1.878353363887761,False
60,0,40,c2,0,base,0,-60,0,0,right,0,100,left,left,1,0,3.030359599909474,False
60,0,40,c4,0,left,0,-60,0,0,right,0,100,base,base,1,0,1.4528572532997337,False
60,0,60,c1,0,right,0,-60,0,0,right,0,100,left,base,1,0,2.8359655631461638,False
60,0,60,c2,0,left,0,-60,0,0,right,0,100,base,left,1,0,3.523495393016097,False
60,0,60,c4,0,right,0,-60,0,0,right,0,100,base,base,1,0,1.946148861716592,False
60,0,80,c1,0,right,0,-60,0,0,right,0,100,left,left,1,0,0.7938318911618729,False
60,0,80,c2,0,left,0,-60,0,0,base,0,100,right,left,1,0,2.201293311541385,False
60,0,80,c4,0,left,0,-60,0,0,right,0,100,base,base,1,0,1.3264529288268387,False
60,0,100,c1,0,base,0,-60,0,0,base,0,100,left,left,1,0,2.8861409437449566,False
60,0,100,c2,0,right,0,-60,0,0,left,0,100,base,right,1,0,3.7626425850255307,False
60,0,100,c4,0,right,0,-60,0,0,right,0,100,left,left,1,0,0.804617755517151,False
60,20,0,c1,0,right,0,-60,0,0,left,0,100,base,base,1,0,3.5461413625797866,False
60,20,0,c2,0,left,0,-60,0,0,right,0,100,base,base,1,0,1.2104054093982068,False
60,20,0,c4,0,base,0,-60,0,0,right,0,100,left,left,1,0,1.4294251244629985,False
60,20,20,c1,0,base,0,-60,0,0,base,0,100,left,right,1,0,5.025184093630301,False
60,20,20,c2,0,left,0,-60,0,0,left,0,100,base,base,1,0,4.356604319152089,False
60,20,20,c4,0,left,0,-60,0,0,left,0,100,right,base,1,0,3.6455100319662535,False
60,20,40,c1,0,base,0,-60,0,0,base,0,100,right,left,1,0,0.0,True
60,20,40,c2,0,base,0,-60,0,0,base,0,100,left,right,1,0,4.671455896695566,False
60,20,40,c4,0,right,0,-60,0,0,right,0,100,base,left,1,0,2.646545749891495,False
60,20,60,c1,0,left,0,-60,0,0,right,0,100,base,base,1,0,0.0,True
60,20,60,c2,0,left,0,-60,0,0,left,0,100,right,right,1,0,0.963870232412937,False
60,20,60,c4,0,right,0,-60,0,0,right,0,100,left,base,1,0,3.998732426777308,False
60,20,80,c1,0,right,0,-60,0,0,base,0,100,left,left,1,0,3.7017040093152107,False
60,20,80,c2,0,base,0,-60,0,0,base,0,100,right,right,1,0,1.629318147718594,False
60,20,80,c4,0,base,0,-60,0,0,right,0,100,left,left,1,0,0.9963530707118771,False
60,20,100,c1,0,right,0,-60,0,0,right,0,100,base,left,1,0,1.8739448891927066,False
60,20,100,c2,0,right,0,-60,0,0,right,0,100,base,base,1,0,1.5078627551610164,False
60,20,100,c4,0,base,0,-60,0,0,base,0,100,left,right,1,0,5.473216706407162,False
60,40,0,c1,0,right,0,-60,0,0,right,0,100,base,base,1,0,1.780405627980312,False
60,40,0,c2,0,left,0,-60,0,0,right,0,100,base,left,1,0,2.7916602284241283,False
60,40,0,c4,0,base,0,-60,0,0,right,0,100,left,left,1,0,0.9250639725067413,False
60,40,20,c1,0,left,0,-60,0,0,left,0,100,right,base,1,0,2.6244272544312413,False
60,40,20,c2,0,base,0,-60,0,0,base,0,100,right,right,1,0,1.1433702063191176,False
60,40,20,c4,0,base,0,-60,0,0,base,0,100,right,right,1,0,1.5707925029791487,False
60,40,40,c1,0,left,0,-60,0,0,left,0,100,right,right,1,0,0.9059515044983439,False
60,40,40,c2,0,right,0,-60,0,0,right,0,100,left,base,1,0,2.656507253027054,False
60,40,40,c4,0,left,0,-60,0,0,right,0,100,base,base,1,0,1.8645761219579042,False
60,40,60,c1,0,left,0,-60,0,0,left,0,100,base,base,1,0,2.9170550373448174,False
60,40,60,c2,0,base,0,-60,0,0,right,0,100,left,left,1,0,4.087964768371418,False
60,40,60,c4,0,right,0,-60,0,0,base,0,100,left,left,1,0,5.950635732796718,False
60,40,80,c1,0,right,0,-60,0,0,right,0,100,left,left,1,0,0.8137879061846811,False
60,40,80,c2,0,base,0,-60,0,0,base,0,100,left,left,1,0,3.1351857794519833,False
60,40,80,c4,0,base,0,-60,0,0,left,0,100,right,right,1,0,0.0,True
60,40,100,c1,0,base,0,-60,0,0,left,0,100,right,base,1,0,2.309776880977826,False
60,40,100,c2,0,left,0,-60,0,0,base,0,100,right,right,1,0,1.2449157220650302,False
60,40,100,c4,0,right,0,-60,0,0,base,0,100,left,left,1,0,5.032047723155293,False
60,60,0,c1,0,right,0,-60,0,0,right,0,100,base,base,1,0,1.4429723896145703,False
60,60,0,c2,0,right,0,-60,0,0,right,0,100,base,left,1,0,1.6153526806237666,False
60,60,0,c4,0,right,0,-60,0,0,base,0,100,left,left,1,0,7.285501823853657,False
60,60,20,c1,0,base,0,-60,0,0,base,0,100,right,left,1,0,2.690826969997449,False
60,60,20,c2,0,base,0,-60,0,0,right,0,100,left,base,1,0,5.1315914009066885,False
60,60,20,c4,0,base,0,-60,0,0,base,0,100,left,right,1,0,5.956205765607327,False
60,60,40,c1,0,right,0,-60,0,0,left,0,100,base,right,1,0,4.168322401027038,False
60,60,40,c2,0,left,0,-60,0,0,base,0,100,right,right,1,0,1.2074613182866545,False
60,60,40,c4,0,left,0,-60,0,0,left,0,100,base,right,1,0,0.7825715797410073,False
60,60,60,c1,0,right,0,-60,0,0,right,0,100,left,left,1,0,0.8269132368509391,False
60,60,60,c2,0,base,0,-60,0,0,base,0,100,left,left,1,0,3.179663568947129,False
60,60,60,c4,0,left,0,-60,0,0,base,0,100,right,right,1,0,1.2715555682842312,False
60,60,80,c1,0,left,0,-60,0,0,left,0,100,right,right,1,0,0.8754795328478776,False
60,60,80,c2,0,right,0,-60,0,0,base,0,100,left,left,1,0,4.49171860121735,False
60,60,80,c4,0,base,0,-60,0,0,base,0,100,left,right,1,0,3.6157383717128146,False
60,60,100,c1,0,left,0,-60,0,0,left,0,100,base,base,1,0,3.6212902406630882,False
60,60,100,c2,0,right,0,-60,0,0,base,0,100,left,left,1,0,4.469900292168056,False
60,60,100,c4,0,base,0,-60,0,0,left,0,100,right,right,1,0,0.0,True
60,80,0,c1,0,base,0,-60,0,0,right,0,100,left,base,1,0,5.022272817851858,False
60,80,0,c2,0,base,0,-60,0,0,left,0,100,right,base,1,0,2.5400809278514203,False
60,80,0,c4,0,base,0,-60,0,0,base,0,100,left,left,1,0,3.4646225449012262,False
60,80,20,c1,0,base,0,-60,0,0,base,0,100,right,right,1,0,1.2413294713213245,False
60,80,20,c2,0,left,0,-60,0,0,right,0,100,base,left,1,0,2.6608953679454137,False
60,80,20,c4,0,right,0,-60,0,0,right,0,100,left,left,1,0,0.7557694700565355,False
60,80,40,c1,0,left,0,-60,0,0,base,0,100,right,right,1,0,1.4332482886622486,False
60,80,40,c2,0,left,0,-60,0,0,left,0,100,base,right,1,0,2.275151619496759,False
60,80,40,c4,0,base,0,-60,0,0,left,0,100,right,right,1,0,0.7434588787828257,False
60,80,60,c1,0,left,0,-60,0,0,left,0,100,base,base,1,0,3.0587459105877586,False
60,80,60,c2,0,right,0,-60,0,0,right,0,100,base,base,1,0,1.5224416396478,False
60,80,60,c4,0,left,0,-60,0,0,base,0,100,right,right,1,0,1.513064739543211,False
60,80,80,c1,0,base,0,-60,0,0,right,0,100,left,base,1,0,4.473740079861634,False
60,80,80,c2,0,right,0,-60,0,0,base,0,100,left,left,1,0,3.846837550332193,False
60,80,80,c4,0,left,0,-60,0,0,right,0,100,base,left,1,0,3.3747750755459283,False
60,80,100,c1,0,right,0,-60,0,0,left,0,100,base,base,1,0,3.914592097984004,False
60,80,100,c2,0,left,0,-60,0,0,left,0,100,base,base,1,0,3.215259522306555,False
60,80,100,c4,0,base,0,-60,0,0,left,0,100,right,right,1,0,0.9911077479971957,False
60,100,0,c1,0,right,0,-60,0,0,base,0,100,left,right,1,0,3.0747919913684796,False
60,100,0,c2,0,right,0,-60,0,0,left,0,100,base,base,1,0,2.96582573401274,False
60,100,0,c4,0,left,0,-60,0,0,right,0,100,base,base,1,0,1.4162047904788826,False
60,100,20,c1,0,left,0,-60,0,0,base,0,100,right,left,1,0,1.7855024483615083,False
60,100,20,c2,0,left,0,-60,0,0,left,0,100,base,right,1,0,3.910077677626116,False
60,100,20,c4,0,right,0,-60,0,0,base,0,100,left,left,1,0,6.887560804509059,False
60,100,40,c1,0,right,0,-60,0,0,right,0,100,base,base,1,0,1.0898406787416315,False
60,100,40,c2,0,base,0,-60,0,0,left,0,100,right,base,1,0,1.43602011190839,False
60,100,40,c4,0,left,0,-60,0,0,left,0,100,base,right,1,0,0.6633822296083635,False
60,100,60,c1,0,left,0,-60,0,0,left,0,100,base,right,1,0,2.8825670529131986,False
60,100,60,c2,0,right,0,-60,0,0,left,0,100,base,right,1,0,0.0,True
60,100,60,c4,0,right,0,-60,0,0,left,0,100,base,base,1,0,3.0914584457862713,False
60,100,80,c1,0,base,0,-60,0,0,base,0,100,right,right,1,0,1.2563078577079443,False
60,100,80,c2,0,base,0,-60,0,0,right,0,100,left,left,1,0,2.9646484755696045,False
60,100,80,c4,0,base,0,-60,0,0,base,0,100,right,right,1,0,1.6975078283678362,False
60,100,100,c1,0,right,0,-60,0,0,right,0,100,left,left,1,0,0.8229324596393045,False
60,100,100,c2,0,base,0,-60,0,0,base,0,100,right,left,1,0,0.0,True
60,100,100,c4,0,right,0,-60,0,0,right,0,100,base,left,1,0,2.7196026380716702,False
80,0,0,c1,0,right,0,-60,0,0,right,0,100,left,base,1,0,3.4401241116220675,False
80,0,0,c2,0,left,0,-60,0,0,base,0,100,right,right,1,0,1.3724475174666848,False
80,0,0,c4,0,base,0,-60,0,0,right,0,100,left,base,1,0,2.0684532780481844,False
80,0,20,c1,0,right,0,-60,0,0,base,0,100,left,right,1,0,3.1839938579078844,False
80,0,20,c2,0,base,0,-60,0,0,left,0,100,right,base,1,0,3.2929453916846096,False
80,0,20,c4,0,right,0,-60,0,0,left,0,100,base,right,1,0,5.316721423715256,False
80,0,40,c1,0,left,0,-60,0,0,base,0,100,right,right,1,0,1.535419799964914,False
80,0,40,c2,0,base,0,-60,0,0,left,0,100,right,right,1,0,0.9762365206170603,False
80,0,40,c4,0,right,0,-60,0,0,right,0,100,left,left,1,0,1.0055284338998898,False
80,0,60,c1,0,base,0,-60,0,0,right,0,100,left,left,1,0,2.8354375632593745,False
80,0,60,c2,0,right,0,-60,0,0,base,0,100,left,left,1,0,3.8080234326820217,False
80,0,60,c4,0,left,0,-60,0,0,base,0,100,right,right,1,0,1.1657071457798445,False
80,0,80,c1,0,right,0,-60,0,0,base,0,100,left,left,1,0,2.664569792875039,False
80,0,80,c2,0,right,0,-60,0,0,right,0,100,left,left,1,0,0.8173064534093346,False
80,0,80,c4,0,left,0,-60,0,0,left,0,100,right,base,1,0,3.5718866273699255,False
80,0,100,c1,0,base,0,-60,0,0,base,0,100,right,right,1,0,1.2174944792582207,False
80,0,100,c2,0,right,0,-60,0,0,right,0,100,base,left,1,0,1.9851195967496782,False
80,0,100,c4,0,base,0,-60,0,0,base,0,100,right,right,1,0,1.4808007246301447,False
80,20,0,c1,0,base,0,-60,0,0,right,0,100,left,left,1,0,3.2914532210796827,False
80,20,0,c2,0,left,0,-60,0,0,left,0,100,right,base,1,0,2.9532104290499093,False
80,20,0,c4,0,base,0,-60,0,0,left,0,100,right,base,1,0,2.2335123453485064,False
80,20,20,c1,0,base,0,-60,0,0,base,0,100,left,left,1,0,2.7549623666656418,False
80,20,20,c2,0,base,0,-60,0,0,base,0,100,left,right,1,0,5.099064915311331,False
80,20,20,c4,0,base,0,-60,0,0,base,0,100,left,left,1,0,3.2694526876416194,False
80,20,40,c1,0,base,0,-60,0,0,base,0,100,left,right,1,0,3.9903147531155283,False
80,20,40,c2,0,base,0,-60,0,0,base,0,100,left,left,1,0,3.1432621164597947,False
80,20,40,c4,0,right,0,-60,0,0,base,0,100,left,left,1,0,5.645035640129643,False
80,20,60,c1,0,left,0,-60,0,0,right,0,100,base,base,1,0,1.7111296082156282,False
80,20,60,c2,0,base,0,-60,0,0,left,0,100,right,base,1,0,8.125462781122007,False
80,20,60,c4,0,base,0,-60,0,0,base,0,100,right,right,1,0,1.0770443265701868,False
80,20,80,c1,0,left,0,-60,0,0,left,0,100,right,right,1,0,0.9525468253074196,False
80,20,80,c2,0,right,0,-60,0,0,right,0,100,base,left,1,0,1.9430916885093648,False
80,20,80,c4,0,right,0,-60,0,0,base,0,100,left,right,1,0,3.6486595709447043,False
80,20,100,c1,0,right,0,-60,0,0,right,0,100,left,left,1,0,0.8230012455828836,False
80,20,100,c2,0,right,0,-60,0,0,left,0,100,base,right,1,0,3.078258461042672,False
80,20,100,c4,0,left,0,-60,0,0,base,0,100,right,left,1,0,0.0,True
80,40,0,c1,0,right,0,-60,0,0,left,0,100,base,right,1,0,3.0876527943588328,False
80,40,0,c2,0,base,0,-60,0,0,right,0,100,left,left,1,0,3.2171492351625006,False
80,40,0,c4,0,base,0,-60,0,0,left,0,100,right,base,1,0,2.5487335142856686,False
80,40,20,c1,0,right,0,-60,0,0,base,0,100,left,left,1,0,3.944711448034957,False
80,40,20,c2,0,right,0,-60,0,0,left,0,100,base,right,1,0,4.157384569809111,False
80,40,20,c4,0,left,0,-60,0,0,left,0,100,right,right,1,0,0.8587326810465169,False
80,40,40,c1,0,right,0,-60,0,0,right,0,100,left,left,1,0,0.8210335769386369,False
80,40,40,c2,0,left,0,-60,0,0,right,0,100,base,left,1,0,2.0748318069223113,False
80,40,40,c4,0,right,0,-60,0,0,base,0,100,left,left,1,0,5.882238783493404,False
80,40,60,c1,0,left,0,-60,0,0,base,0,100,right,right,1,0,1.4028889089550733,False
80,40,60,c2,0,right,0,-60,0,0,right,0,100,base,left,1,0,1.4849869510592753,False
80,40,60,c4,0,base,0,-60,0,0,base,0,100,left,right,1,0,5.953711949880564,False
80,40,80,c1,0,right,0,-60,0,0,right,0,100,left,base,1,0,2.5639687554093964,False
80,40,80,c2,0,right,0,-60,0,0,left,0,100,base,right,1,0,4.312435087298997,False
80,40,80,c4,0,base,0,-60,0,0,left,0,100,right,base,1,0,1.6079749131960013,False
80,40,100,c1,0,left,0,-60,0,0,base,0,100,right,right,1,0,1.3690408075687788,False
80,40,100,c2,0,right,0,-60,0,0,base,0,100,left,right,1,0,3.485274981332661,False
80,40,100,c4,0,base,0,-60,0,0,right,0,100,left,left,1,0,1.1493434794434925,False
80,60,0,c1,0,left,0,-60,0,0,left,0,100,right,base,1,0,2.7586325150868864,False
80,60,0,c2,0,base,0,-60,0,0,right,0,100,left,base,1,0,4.853655615699072,False
80,60,0,c4,0,right,0,-60,0,0,base,0,100,left,left,1,0,6.8237788576944,False
80,60,20,c1,0,base,0,-60,0,0,base,0,100,right,left,1,0,1.172445937052852,False
80,60,20,c2,0,right,0,-60,0,0,right,0,100,base,base,1,0,1.8433802905776213,False
80,60,20,c4,0,left,0,-60,0,0,left,0,100,base,base,1,0,3.9968639777753254,False
80,60,40,c1,0,right,0,-60,0,0,base,0,100,left,left,1,0,3.4649008644343593,False
80,60,40,c2,0,base,0,-60,0,0,base,0,100,right,left,1,0,2.8032243472872485,False
80,60,40,c4,0,base,0,-60,0,0,base,0,100,left,right,1,0,5.415200775019134,False
80,60,60,c1,0,base,0,-60,0,0,right,0,100,left,left,1,0,3.451081738065603,False
80,60,60,c2,0,right,0,-60,0,0,left,0,100,base,right,1,0,4.008868741881547,False
80,60,60,c4,0,right,0,-60,0,0,base,0,100,left,left,1,0,4.893159783706673,False
80,60,80,c1,0,base,0,-60,0,0,left,0,100,right,right,1,0,0.9905311106196558,False
80,60,80,c2,0,left,0,-60,0,0,base,0,100,right,left,1,0,0.0,True
80,60,80,c4,0,base,0,-60,0,0,base,0,100,left,right,1,0,5.591191921908543,False
80,60,100,c1,0,right,0,-60,0,0,right,0,100,base,left,1,0,1.844590479987833,False
80,60,100,c2,0,left,0,-60,0,0,right,0,100,base,base,1,0,0.0,True
80,60,100,c4,0,left,0,-60,0,0,right,0,100,base,left,1,0,4.405992843542086,False
80,80,0,c1,0,base,0,-60,0,0,left,0,100,right,base,1,0,0.0,True
80,80,0,c2,0,right,0,-60,0,0,base,0,100,left,right,1,0,3.1865113562575584,False
80,80,0,c4,0,base,0,-60,0,0,base,0,100,right,left,1,0,2.5081706677911026,False
80,80,20,c1,0,left,0,-60,0,0,left,0,100,base,right,1,0,2.604313744989973,False
80,80,20,c2,0,base,0,-60,0,0,base,0,100,left,left,1,0,2.9481211481454395,False
80,80,20,c4,0,left,0,-60,0,0,right,0,100,base,left,1,0,3.1348442420114297,False
80,80,40,c1,0,base,0,-60,0,0,left,0,100,right,base,1,0,1.6512999372024888,False
80,80,40,c2,0,base,0,-60,0,0,base,0,100,right,left,1,0,2.837795877717077,False
80,80,40,c4,0,right,0,-60,0,0,left,0,100,base,right,1,0,5.372041032265146,False
80,80,60,c1,0,base,0,-60,0,0,right,0,100,left,base,1,0,5.128813275215973,False
80,80,60,c2,0,base,0,-60,0,0,base,0,100,left,left,1,0,2.9788014043893747,False
80,80,60,c4,0,left,0,-60,0,0,left,0,100,right,base,1,0,5.927698307805022,False
80,80,80,c1,0,left,0,-60,0,0,left,0,100,base,right,1,0,2.1505166314565836,False
80,80,80,c2,0,left,0,-60,0,0,base,0,100,right,left,1,0,1.1866851907628964,False
80,80,80,c4,0,right,0,-60,0,0,left,0,100,base,right,1,0,7.658086557424611,False
80,80,100,c1,0,left,0,-60,0,0,left,0,100,base,right,1,0,3.8378147097574824,False
80,80,100,c2,0,base,0,-60,0,0,base,0,100,left,left,1,0,3.1459899721568236,False
80,80,100,c4,0,right,0,-60,0,0,right,0,100,left,base,1,0,3.8588626439725995,False
80,100,0,c1,0,left,0,-60,0,0,left,0,100,base,base,1,0,3.3295649348914744,False
80,100,0,c2,0,left,0,-60,0,0,right,0,100,base,left,1,0,3.108111550286897,False
80,100,0,c4,0,right,0,-60,0,0,left,0,100,base,right,1,0,7.635574915459213,False
80,100,20,c1,0,left,0,-60,0,0,left,0,100,right,right,1,0,0.9611172314125688,False
80,100,20,c2,0,right,0,-60,0,0,left,0,100,base,base,1,0,2.3754982295347244,False
80,100,20,c4,0,right,0,-60,0,0,right,0,100,base,left,1,0,2.367007654626962,False
80,100,40,c1,0,left,0,-60,0,0,right,0,100,base,left,1,0,3.0780075928583286,False
80,100,40,c2,0,base,0,-60,0,0,base,0,100,right,right,1,0,1.1314523012456807,False
80,100,40,c4,0,right,0,-60,0,0,right,0,100,base,left,1,0,3.2194816895541902,False
80,100,60,c1,0,right,0,-60,0,0,left,0,100,base,base,1,0,3.9533727798662577,False
80,100,60,c2,0,right,0,-60,0,0,base,0,100,left,left,1,0,4.832745738878277,False
80,100,60,c4,0,base,0,-60,0,0,right,0,100,left,base,1,0,3.4722983878387104,False
80,100,80,c1,0,right,0,-60,0,0,base,0,100,left,right,1,0,3.8839071723269303,False
80,100,80,c2,0,left,0,-60,0,0,left,0,100,right,base,1,0,4.255914658812967,False
80,100,80,c4,0,right,0,-60,0,0,right,0,100,left,left,1,0,0.7573681082369661,False
80,100,100,c1,0,right,0,-60,0,0,base,0,100,left,right,1,0,3.4031219533168406,False
80,100,100,c2,0,base,0,-60,0,0,base,0,100,right,left,1,0,0.0,True
80,100,100,c4,0,left,0,-60,0,0,right,0,100,base,left,1,0,4.249429673107188,False
100,0,0,c1,0,base,0,-60,0,0,left,0,100,right,base,1,0,2.617847443332262,False
100,0,0,c2,0,base,0,-60,0,0,base,0,100,left,left,1,0,3.0333574388588214,False
100,0,0,c4,0,left,0,-60,0,0,right,0,100,base,left,1,0,3.0889980056591346,False
100,0,20,c1,0,base,0,-60,0,0,base,0,100,left,right,1,0,4.311089945631829,False
100,0,20,c2,0,base,0,-60,0,0,right,0,100,left,base,1,0,4.053331801976135,False
100,0,20,c4,0,left,0,-60,0,0,left,0,100,right,right,1,0,0.8345223082954193,False
100,0,40,c1,0,left,0,-60,0,0,left,0,100,right,base,1,0,2.117842791380333,False
100,0,40,c2,0,right,0,-60,0,0,base,0,100,left,right,1,0,3.091954332693859,False
100,0,40,c4,0,left,0,-60,0,0,base,0,100,right,left,1,0,0.0,True
100,0,60,c1,0,right,0,-60,0,0,base,0,100,left,right,1,0,3.082940035018288,False
100,0,60,c2,0,right,0,-60,0,0,right,0,100,base,base,1,0,1.3961847685489701,False
100,0,60,c4,0,left,0,-60,0,0,left,0,100,base,base,1,0,4.279752020582157,False
100,0,80,c1,0,base,0,-60,0,0,right,0,100,left,base,1,0,6.1872404270538475,False
100,0,80,c2,0,left,0,-60,0,0,left,0,100,right,right,1,0,0.9555452251415115,False
100,0,80,c4,0,base,0,-60,0,0,right,0,100,left,left,1,0,1.1775193126618595,False
100,0,100,c1,0,base,0,-60,0,0,right,0,100,left,base,1,0,3.8459058268505784,False
100,0,100,c2,0,left,0,-60,0,0,left,0,100,right,right,1,0,0.0,True
100,0,100,c4,0,left,0,-60,0,0,left,0,100,right,right,1,0,0.9318428347193842,False
100,20,0,c1,0,right,0,-60,0,0,left,0,100,base,right,1,0,2.3541606475073276,False
100,20,0,c2,0,base,0,-60,0,0,right,0,100,left,left,1,0,3.9533282338564013,False
100,20,0,c4,0,left,0,-60,0,0,left,0,100,base,base,1,0,3.926768271476297,False
100,20,20,c1,0,base,0,-60,0,0,right,0,100,left,base,1,0,4.954280221143123,False
100,20,20,c2,0,base,0,-60,0,0,base,0,100,right,right,1,0,1.234073848407684,False
100,20,20,c4,0,left,0,-60,0,0,left,0,100,base,base,1,0,4.182737510655707,False
100,20,40,c1,0,base,0,-60,0,0,base,0,100,right,left,1,0,1.2536260382174518,False
100,20,40,c2,0,right,0,-60,0,0,right,0,100,base,base,1,0,1.2026598542322993,False
100,20,40,c4,0,right,0,-60,0,0,base,0,100,left,right,1,0,4.651138664622721,False
100,20,60,c1,0,base,0,-60,0,0,right,0,100,left,base,1,0,4.574962945551747,False
100,20,60,c2,0,base,0,-60,0,0,base,0,100,right,left,1,0,0.0,True
100,20,60,c4,0,base,0,-60,0,0,base,0,100,left,left,1,0,3.7841163974352554,False
100,20,80,c1,0,left,0,-60,0,0,right,0,100,base,base,1,0,0.0,True
100,20,80,c2,0,left,0,-60,0,0,left,0,100,right,base,1,0,4.178985435799402,False
100,20,80,c4,0,base,0,-60,0,0,left,0,100,right,right,1,0,0.5318377704127858,False
100,20,100,c1,0,base,0,-60,0,0,base,0,100,right,right,1,0,1.298152804254858,False
100,20,100,c2,0,right,0,-60,0,0,left,0,100,base,base,1,0,2.91902474245091,False
100,20,100,c4,0,left,0,-60,0,0,right,0,100,base,base,1,0,1.6421170738490363,False
100,40,0,c1,0,base,0,-60,0,0,base,0,100,right,right,1,0,1.2843318461851165,False
100,40,0,c2,0,base,0,-60,0,0,right,0,100,left,left,1,0,3.1138361473433083,False
100,40,0,c4,0,right,0,-60,0,0,left,0,100,base,base,1,0,4.694181899398791,False
100,40,20,c1,0,base,0,-60,0,0,base,0,100,right,right,1,0,1.3867924085946655,False
100,40,20,c2,0,right,0,-60,0,0,left,0,100,base,base,1,0,4.090815522960028,False
100,40,20,c4,0,right,0,-60,0,0,left,0,100,base,right,1,0,6.104947920086875,False
100,40,40,c1,0,right,0,-60,0,0,left,0,100,base,right,1,0,0.0,True
100,40,40,c2,0,right,0,-60,0,0,left,0,100,base,base,1,0,4.681036510943286,False
100,40,40,c4,0,right,0,-60,0,0,left,0,100,base,right,1,0,5.104123813921976,False
100,40,60,c1,0,right,0,-60,0,0,right,0,100,left,left,1,0,0.8037343794845544,False
100,40,60,c2,0,base,0,-60,0,0,right,0,100,left,left,1,0,2.6050137034813305,False
100,40,60,c4,0,left,0,-60,0,0,left,0,100,base,right,1,0,0.7526549238165664,False
100,40,80,c1,0,base,0,-60,0,0,left,0,100,right,base,1,0,1.7262334349880224,False
100,40,80,c2,0,left,0,-60,0,0,base,0,100,right,right,1,0,1.3558319684730031,False
100,40,80,c4,0,left,0,-60,0,0,right,0,100,base,left,1,0,3.409264657955056,False
100,40,100,c1,0,base,0,-60,0,0,left,0,100,right,right,1,0,1.0300355343512704,False
100,40,100,c2,0,right,0,-60,0,0,right,0,100,left,left,1,0,0.8257222826576887,False
100,40,100,c4,0,base,0,-60,0,0,left,0,100,right,base,1,0,1.1162816035361212,False
100,60,0,c1,0,base,0,-60,0,0,right,0,100,left,left,1,0,3.4501835592079373,False
100,60,0,c2,0,right,0,-60,0,0,right,0,100,left,left,1,0,0.8397152873765492,False
100,60,0,c4,0,right,0,-60,0,0,right,0,100,base,left,1,0,2.7941621245124675,False
100,60,20,c1,0,right,0,-60,0,0,right,0,100,left,left,1,0,0.8200873428666645,False
100,60,20,c2,0,base,0,-60,0,0,base,0,100,left,left,1,0,2.84183255897521,False
100,60,20,c4,0,right,0,-60,0,0,right,0,100,base,left,1,0,2.699891542943342,False
100,60,40,c1,0,right,0,-60,0,0,right,0,100,left,base,1,0,2.3670395834767155,False
100,60,40,c2,0,right,0,-60,0,0,right,0,100,left,left,1,0,0.8096675140295532,False
100,60,40,c4,0,right,0,-60,0,0,right,0,100,left,left,1,0,0.9588291556344014,False
100,60,60,c1,0,left,0,-60,0,0,right,0,100,base,left,1,0,3.0671616706431872,False
100,60,60,c2,0,right,0,-60,0,0,right,0,100,left,base,1,0,2.568390303947917,False
100,60,60,c4,0,left,0,-60,0,0,left,0,100,right,base,1,0,3.8537896714812323,False
100,60,80,c1,0,base,0,-60,0,0,left,0,100,right,right,1,0,1.0195121550314525,False
100,60,80,c2,0,base,0,-60,0,0,base,0,100,left,left,1,0,3.011839096953367,False
100,60,80,c4,0,right,0,-60,0,0,right,0,100,base,left,1,0,2.673100368352385,False
100,60,100,c1,0,left,0,-60,0,0,left,0,100,base,right,1,0,2.8392548956985757,False
100,60,100,c2,0,right,0,-60,0,0,base,0,100,left,left,1,0,3.991096356757658,False
100,60,100,c4,0,base,0,-60,0,0,left,0,100,right,base,1,0,1.7683620679353016,False
100,80,0,c1,0,base,0,-60,0,0,left,0,100,right,right,1,0,1.0734212521941164,False
100,80,0,c2,0,right,0,-60,0,0,base,0,100,left,right,1,0,3.452026259783913,False
100,80,0,c4,0,base,0,-60,0,0,right,0,100,left,left,1,0,0.9967880534488414,False
100,80,20,c1,0,base,0,-60,0,0,base,0,100,right,left,1,0,0.9371831374230964,False
100,80,20,c2,0,right,0,-60,0,0,right,0,100,left,base,1,0,2.032483977536439,False
100,80,20,c4,0,right,0,-60,0,0,left,0,100,base,right,1,0,2.551991542901438,False
100,80,40,c1,0,base,0,-60,0,0,base,0,100,left,right,1,0,4.590862423069587,False
100,80,40,c2,0,right,0,-60,0,0,right,0,100,left,base,1,0,2.76112569786678,False
100,80,40,c4,0,right,0,-60,0,0,base,0,100,left,right,1,0,4.478186248204839,False
100,80,60,c1,0,left,0,-60,0,0,left,0,100,right,right,1,0,0.962442668333195,False
100,80,60,c2,0,left,0,-60,0,0,left,0,100,base,right,1,0,3.1396238761659365,False
100,80,60,c4,0,base,0,-60,0,0,base,0,100,right,left,1,0,2.7505408334602426,False
100,80,80,c1,0,left,0,-60,0,0,left,0,100,right,base,1,0,4.710013180690065,False
100,80,80,c2,0,right,0,-60,0,0,right,0,100,base,left,1,0,1.744808512964602,False
100,80,80,c4,0,left,0,-60,0,0,left,0,100,base,right,1,0,0.0,True
100,80,100,c1,0,right,0,-60,0,0,left,0,100,base,base,1,0,3.7868879642091944,False
100,80,100,c2,0,base,0,-60,0,0,left,0,100,right,right,1,0,0.0,True
100,80,100,c4,0,base,0,-60,0,0,right,0,100,left,base,1,0,2.2471415121140343,False
100,100,0,c1,0,right,0,-60,0,0,right,0,100,base,left,1,0,1.8517282456494324,False
100,100,0,c2,0,base,0,-60,0,0,base,0,100,left,left,1,0,2.9468493434725116,False
100,100,0,c4,0,right,0,-60,0,0,left,0,100,base,right,1,0,5.717121377450048,False
100,100,20,c1,0,base,0,-60,0,0,right,0,100,left,left,1,0,3.2137533626765133,False
100,100,20,c2,0,left,0,-60,0,0,right,0,100,base,base,1,0,0.0,True
100,100,20,c4,0,left,0,-60,0,0,base,0,100,right,left,1,0,0.0,True
100,100,40,c1,0,left,0,-60,0,0,left,0,100,right,right,1,0,0.947408610326191,False
100,100,40,c2,0,right,0,-60,0,0,right,0,100,base,left,1,0,2.0469994363848554,False
100,100,40,c4,0,base,0,-60,0,0,right,0,100,left,left,1,0,3.1924649650421713,False
100,100,60,c1,0,left,0,-60,0,0,base,0,100,right,left,1,0,1.7520605657932216,False
100,100,60,c2,0,right,0,-60,0,0,left,0,100,base,right,1,0,3.7056959084896333,False
100,100,60,c4,0,right,0,-60,0,0,base,0,100,left,left,1,0,4.744284916355574,False
100,100,80,c1,0,base,0,-60,0,0,right,0,100,left,left,1,0,3.0771414464845526,False
100,100,80,c2,0,right,0,-60,0,0,right,0,100,left,base,1,0,3.006138525722957,False
100,100,80,c4,0,base,0,-60,0,0,left,0,100,right,right,1,0,0.6892273719109065,False
100,100,100,c1,0,left,0,-60,0,0,left,0,100,right,base,1,0,2.984134508378663,False
100,100,100,c2,0,right,0,-60,0,0,right,0,100,base,left,1,0,1.741299878972307,False
100,100,100,c4,0,right,0,-60,0,0,left,0,100,base,base,1,0,3.4079329186751974,False
